Model,MAE,RMSE
SARIMA,18031.404653580652,19009.182053951743
Prophet,20250.794412605526,22318.411332860545
XGBoost,15105.784583333332,19083.599011631763
